Nome Sobrenome,idade,email
Andrew Castro,46,he@do.na
Jennie Graham,64,susu@deusoka.gov
Lois Ryan,37,gi@citanopi.am
Clifford May,46,ni@cutidij.ls
Jerry Spencer,27,elji@nejhe.cw
Lois Vargas,59,toj@hu.pk
Dominic Stephens,33,tob@cilenjub.im
Alberta Barber,48,cuna@jo.mw
Max Estrada,51,obbafgo@kedveldus.mc
Eugenia Leonard,51,agubefsos@dumipa.vg
Ricky Black,59,ik@kasbo.gg
Katherine Hayes,57,cor@nag.mp
Ernest Thornton,46,mef@ukuza.gg
Leila Singleton,50,voguz@karublam.dz
Ruby Romero,28,amifekko@suk.gi
Rosa Alvarado,45,kejzovip@geud.jm
Rosie Adkins,36,bikam@ivahowu.pg
Louisa Howard,30,li@bikala.com
Tommy Wilkerson,42,rondu@nasojjic.sg
Carrie Norton,61,ajbi@iluodibi.bi
Lucille Ruiz,41,nod@hu.gp
Barbara Stevenson,62,luori@cahfir.eg
Carrie Barrett,24,kece@ziptizot.sc
Dorothy French,58,biij@zi.ml
Lloyd Schwartz,42,vowufrod@go.ae
Gabriel Walsh,55,ujafevru@ukomgar.ck
Harold Garcia,37,faw@os.sy
Ronald Strickland,57,ju@neamohu.uk
Blake Hampton,48,ma@kuak.az
Eugene Henry,49,zudo@kivmo.vn
Ora Tran,64,les@vupo.tg
Dylan Brooks,37,rekgouk@vur.cy
Isabel Moran,27,hidki@wevimuj.co.uk
Lillian Carlson,62,zenenov@ne.cu
Polly Schwartz,34,pihuveb@got.sb
Rhoda Welch,39,awete@zocuknet.gp
Adelaide Beck,56,gos@bukij.sk
Eunice Newton,48,ewkobfe@gafeow.cz
Dora Montgomery,34,sugekela@fodida.sa
Bruce Padilla,54,ito@epke.sn
Timothy Francis,22,vul@majic.sc
Effie Campbell,42,eli@lazreenu.bz
Inez Weber,51,vac@luinzi.mm
Adele Townsend,32,bek@uta.sa
Clara Ryan,55,pijpu@jifawdu.mz
Marion Baker,45,pewoul@apfufuc.co.uk
Russell Griffin,49,ifazu@pe.ht
Garrett Erickson,30,bevhi@zi.ga
Polly Perez,31,bevfuwa@nusu.kr
Ellen Sutton,35,jaunaba@lu.nz
Larry Rose,32,vakiw@tugjewbu.lk
Bobby Reynolds,65,ziose@do.by
Celia Meyer,54,hewiwo@suz.kw
Minnie Gill,19,owwi@agogaj.tl
Elizabeth Wilkins,45,haboab@ja.kw
Marvin Walsh,53,ica@purejcoz.cf
Maurice Vaughn,60,ok@awa.sb
Ronnie West,40,vuzuef@livkamta.mx
Sam Parks,63,kufefa@hano.gp
Ralph Schneider,18,heud@zejeb.lc
Rena Park,50,wov@iwa.vn
Loretta Ellis,63,nic@soz.gg
Corey Strickland,46,viahaca@nu.lb
Hulda Waters,27,giozji@zi.ag
Nathan Patrick,31,koptezuj@jofipza.bn
Irene Little,30,cefim@jabfur.gb
Benjamin Hayes,41,kujdiri@dugduc.cc
Florence Simpson,19,nebfik@pugjofe.bo
Eva Vargas,27,ijaabtok@wedobi.an
Lester Padilla,52,gufmozriw@ube.im
Lester Ortiz,60,us@reju.tz
Ellen Rodriquez,53,sil@okepej.th
Antonio Boone,36,palmo@fubab.gn
Benjamin Rodgers,34,ekemi@tujlozji.sa
Alice Howard,28,fozcizzug@nuhugor.kp
Cecelia Long,65,had@dutuho.ma
Keith Massey,36,nuhodhot@ti.cv
Gregory Simpson,41,hefnifpit@uhuditej.my
Minnie Medina,57,esnul@apzostog.pa
Augusta Walsh,48,se@muhrilud.cl
Herbert Walsh,65,nohlewuw@kohcobrok.gp
Juan Potter,47,pit@huve.cw
Landon Blair,48,ju@wezuwu.yt
Effie Holloway,19,judatov@palu.it
Derrick French,26,hum@efeip.co
Lizzie Becker,54,vir@ahu.ls
Dollie Newman,36,ze@petoke.me
Chris Russell,35,maku@pibvimat.my
Gertrude Alexander,35,tas@me.hr
Della French,29,worailu@waraepo.sj
Larry Cunningham,30,cobod@fooza.ir
Ida Haynes,23,set@nijvag.ar
Gilbert Robbins,61,wujupos@wirmazi.dm
Oscar Reynolds,65,eze@jaba.gs
Eugenia Fuller,42,kuffubjeg@fa.dz
Joe Wolfe,63,cazme@es.kz
Esther Abbott,54,ec@zopowelag.gl
Eva Williamson,25,juejo@zow.uz
Trevor Fox,64,atora@momik.za
Travis Lowe,20,to@nasbe.nz
Angel Briggs,44,ewi@zuicece.as
Gabriel Green,62,objig@hitdaw.tn
Bradley Stewart,54,riv@sow.eg
Jim Bowen,37,ceteva@naif.ch
Jonathan Cole,55,piozej@rimputfaj.td
Bradley Arnold,38,delugje@ti.an
Vernon Beck,21,en@wisa.kn
Rose Little,31,raoz@fotbol.ng
Lucinda Alvarado,39,murfotde@socdak.hn
Violet Brady,33,ci@sa.gq
Steven Hart,48,wasluh@cirveleh.me
Samuel Lambert,52,do@sis.be
Katherine Yates,56,duskep@poc.gw
Danny Goodman,19,vawke@beb.lk
Clara Nichols,60,cofudah@awjebum.bm
Troy McBride,50,buvzojo@buwa.sx
Kathryn Warner,27,zujtovad@ta.ec
Derrick Bass,64,izasewhe@pibugco.tr
Bess Wise,19,iri@bavizinip.hr
Barry Stone,63,kugop@wimup.tl
Jackson Cole,49,hace@eb.no
Hannah Fletcher,19,detaki@jisu.vg
Susie Warner,42,niw@itmi.iq
Adrian Morales,42,ikba@pikperkod.dm
Brian Simpson,21,ehorur@gutaclut.km
Cornelia Evans,59,za@jatma.tf
Mark Manning,55,cacem@saz.bt
Mamie Sims,24,ve@visubol.gu
Curtis Gomez,38,rudfovu@fodcu.np
