,Nome Sobrenome,idade,email,Nome Sobrenome,idade,email
0,Andrew Castro,46,he@do.na,Andrew Castro,46,he@do.na
1,Jennie Graham,64,susu@deusoka.gov,Jennie Graham,64,susu@deusoka.gov
2,Lois Ryan,37,gi@citanopi.am,Lois Ryan,37,gi@citanopi.am
3,Clifford May,46,ni@cutidij.ls,Clifford May,46,ni@cutidij.ls
4,Jerry Spencer,27,elji@nejhe.cw,Jerry Spencer,27,elji@nejhe.cw
5,Lois Vargas,59,toj@hu.pk,Lois Vargas,59,toj@hu.pk
6,Dominic Stephens,33,tob@cilenjub.im,Dominic Stephens,33,tob@cilenjub.im
7,Alberta Barber,48,cuna@jo.mw,Alberta Barber,48,cuna@jo.mw
8,Max Estrada,51,obbafgo@kedveldus.mc,Max Estrada,51,obbafgo@kedveldus.mc
9,Eugenia Leonard,51,agubefsos@dumipa.vg,Eugenia Leonard,51,agubefsos@dumipa.vg
10,Ricky Black,59,ik@kasbo.gg,Ricky Black,59,ik@kasbo.gg
11,Katherine Hayes,57,cor@nag.mp,Keith Stewart,59,mep@jippah.bd 
12,Ernest Thornton,46,mef@ukuza.gg,Mamie Nichols,62,vulilomeh@nocjoufe.id
13,Leila Singleton,50,voguz@karublam.dz,Raymond Baldwin,25,tikid@jinuv.kr
14,Ruby Romero,28,amifekko@suk.gi,Christian Brewer,52,vicdi@hatuavu.me
15,Rosa Alvarado,45,kejzovip@geud.jm,Jose Curtis,29,zobafupo@ni.pl
16,Rosie Adkins,36,bikam@ivahowu.pg,Eula Thomas,20,motab@ru.km
17,Louisa Howard,30,li@bikala.com,Jorge Tucker,29,lazvucmi@ekdaz.cf
18,Tommy Wilkerson,42,rondu@nasojjic.sg,Margaret Douglas,57,mi@valkatpil.mk
19,Carrie Norton,61,ajbi@iluodibi.bi,William Curry,31,tubeic@mev.cy
20,Lucille Ruiz,41,nod@hu.gp,Amy Lane,64,hapehac@babacati.cr
21,Barbara Stevenson,62,luori@cahfir.eg,Ollie Richards,36,kifep@melubu.mg
22,Carrie Barrett,24,kece@ziptizot.sc,Thomas Garrett,36,vibuuga@bajeswu.ch
23,Dorothy French,58,biij@zi.ml,Sue Hopkins,52,go@ube.mq
24,Lloyd Schwartz,42,vowufrod@go.ae,Rosie Vargas,41,upowit@dojgefo.eg
25,Gabriel Walsh,55,ujafevru@ukomgar.ck,Kyle Summers,32,ewduf@im.gi
26,Harold Garcia,37,faw@os.sy,Jerry Lee,24,lag@leji.lk
27,Ronald Strickland,57,ju@neamohu.uk,Antonio Boone,36,palmo@fubab.gn
28,Blake Hampton,48,ma@kuak.az,Benjamin Rodgers,34,ekemi@tujlozji.sa
29,Eugene Henry,49,zudo@kivmo.vn,Alice Howard,28,fozcizzug@nuhugor.kp
30,Ora Tran,64,les@vupo.tg,Cecelia Long,65,had@dutuho.ma
31,Dylan Brooks,37,rekgouk@vur.cy,Keith Massey,36,nuhodhot@ti.cv
32,Isabel Moran,27,hidki@wevimuj.co.uk,Gregory Simpson,41,hefnifpit@uhuditej.my
33,Lillian Carlson,62,zenenov@ne.cu,Minnie Medina,57,esnul@apzostog.pa
34,Polly Schwartz,34,pihuveb@got.sb,Augusta Walsh,48,se@muhrilud.cl
35,Rhoda Welch,39,awete@zocuknet.gp,Herbert Walsh,65,nohlewuw@kohcobrok.gp
36,Adelaide Beck,56,gos@bukij.sk,Juan Potter,47,pit@huve.cw
37,Eunice Newton,48,ewkobfe@gafeow.cz,Landon Blair,48,ju@wezuwu.yt
38,Dora Montgomery,34,sugekela@fodida.sa,Effie Holloway,19,judatov@palu.it
39,Bruce Padilla,54,ito@epke.sn,Derrick French,26,hum@efeip.co
40,Timothy Francis,22,vul@majic.sc,Lizzie Becker,54,vir@ahu.ls
41,Effie Campbell,42,eli@lazreenu.bz,Dollie Newman,36,ze@petoke.me
42,Inez Weber,51,vac@luinzi.mm,Chris Russell,35,maku@pibvimat.my
43,Adele Townsend,32,bek@uta.sa,Gertrude Alexander,35,tas@me.hr
44,Clara Ryan,55,pijpu@jifawdu.mz,Della French,29,worailu@waraepo.sj
45,Marion Baker,45,pewoul@apfufuc.co.uk,Larry Cunningham,30,cobod@fooza.ir
46,Russell Griffin,49,ifazu@pe.ht,Ida Haynes,23,set@nijvag.ar
47,Garrett Erickson,30,bevhi@zi.ga,Gilbert Robbins,61,wujupos@wirmazi.dm
48,Polly Perez,31,bevfuwa@nusu.kr,Oscar Reynolds,65,eze@jaba.gs
49,Ellen Sutton,35,jaunaba@lu.nz,Eugenia Fuller,42,kuffubjeg@fa.dz
50,Larry Rose,32,vakiw@tugjewbu.lk,Joe Wolfe,63,cazme@es.kz
51,Bobby Reynolds,65,ziose@do.by,Esther Abbott,54,ec@zopowelag.gl
52,Celia Meyer,54,hewiwo@suz.kw,Eva Williamson,25,juejo@zow.uz
53,Minnie Gill,19,owwi@agogaj.tl,Trevor Fox,64,atora@momik.za
54,Elizabeth Wilkins,45,haboab@ja.kw,Travis Lowe,20,to@nasbe.nz
55,Marvin Walsh,53,ica@purejcoz.cf,Angel Briggs,44,ewi@zuicece.as
56,Maurice Vaughn,60,ok@awa.sb,Ronald Murray,35,felas@far.md
57,Ronnie West,40,vuzuef@livkamta.mx,Lucy Luna,54,uwuuse@vorag.kg
58,Sam Parks,63,kufefa@hano.gp,Dora Powers,21,sokceibu@udodi.mm
59,Ralph Schneider,18,heud@zejeb.lc,Louise Tate,36,epira@latwougu.do
60,Rena Park,50,wov@iwa.vn,Samuel Hunter,57,muwgedebi@ov.mu
61,Loretta Ellis,63,nic@soz.gg,Shane Tyler,45,vod@oclavuv.mv
62,Corey Strickland,46,viahaca@nu.lb,May Blair,61,duz@je.pn
63,Hulda Waters,27,giozji@zi.ag,Eva Becker,19,cappec@sewalok.sj
64,Nathan Patrick,31,koptezuj@jofipza.bn,Mitchell Cole,41,ruhapuv@pi.io
65,Irene Little,30,cefim@jabfur.gb,Melvin Pittman,63,wid@zuznihot.gh
66,Benjamin Hayes,41,kujdiri@dugduc.cc,Mason Reynolds,48,vebgi@racide.sv
67,Florence Simpson,19,nebfik@pugjofe.bo,Shawn Graves,37,hehse@tos.sy
68,Eva Vargas,27,ijaabtok@wedobi.an,Nettie Waters,64,vimfa@fohiveop.bw
69,Lester Padilla,52,gufmozriw@ube.im,Vernon Taylor,22,totohok@polnuhemo.kh
70,Lester Ortiz,60,us@reju.tz,Caroline Boone,58,witul@zarom.kr
71,Ellen Rodriquez,53,sil@okepej.th,Howard Ortiz,37,onojehe@cirzogdec.ne
72,Antonio Boone,36,palmo@fubab.gn,Bertha Conner,53,juz@gemah.co
73,Benjamin Rodgers,34,ekemi@tujlozji.sa,Alvin Ford,25,gub@ki.tm
74,Alice Howard,28,fozcizzug@nuhugor.kp,Sara Paul,28,me@ip.kh
75,Cecelia Long,65,had@dutuho.ma,Jack Barnett,62,fuviv@soveshe.st
76,Keith Massey,36,nuhodhot@ti.cv,Cameron Larson,41,hu@juzbam.fr
77,Gregory Simpson,41,hefnifpit@uhuditej.my,Jay Mills,34,miwigo@je.pf
78,Minnie Medina,57,esnul@apzostog.pa,Hester Olson,29,utgapo@beul.km
79,Augusta Walsh,48,se@muhrilud.cl,Susie Barber,61,togag@casop.ua
80,Herbert Walsh,65,nohlewuw@kohcobrok.gp,Francis Wolfe,47,ulofi@bu.mk
81,Juan Potter,47,pit@huve.cw,Jorge Garrett,30,kaghi@he.ge
82,Landon Blair,48,ju@wezuwu.yt,Edgar Glover,59,miphem@sehacam.iq
83,Effie Holloway,19,judatov@palu.it,Benjamin Herrera,47,pubuzdes@jucwogfe.ug
84,Derrick French,26,hum@efeip.co,Abbie Riley,58,rireme@kuemgis.si
85,Lizzie Becker,54,vir@ahu.ls,Adam Armstrong,36,nom@so.su
86,Dollie Newman,36,ze@petoke.me,Mark Henderson,43,gotbe@gufzet.mo
87,Chris Russell,35,maku@pibvimat.my,Leroy Foster,25,ec@duapuf.bs
88,Gertrude Alexander,35,tas@me.hr,Brett Gibbs,43,dajo@ke.ch
89,Della French,29,worailu@waraepo.sj,Hattie Cohen,29,ujo@rujih.ve
90,Larry Cunningham,30,cobod@fooza.ir,Esther Dunn,54,epididet@ijomat.tf
91,Ida Haynes,23,set@nijvag.ar,Carrie Little,34,rovgiva@kic.ag
92,Gilbert Robbins,61,wujupos@wirmazi.dm,Gary Patterson,26,nefimuma@bejidfoh.edu
93,Oscar Reynolds,65,eze@jaba.gs,Sean Harmon,49,febut@wira.cr
94,Eugenia Fuller,42,kuffubjeg@fa.dz,Mario Woods,22,kahuw@ehoihe.mr
95,Joe Wolfe,63,cazme@es.kz,Jean Tate,30,ohi@rihwa.ug
96,Esther Abbott,54,ec@zopowelag.gl,Willie Stevenson,30,ubkij@vizpabfa.ke
97,Eva Williamson,25,juejo@zow.uz,Vera Joseph,40,esuwu@tevovvu.si
98,Trevor Fox,64,atora@momik.za,Maude Sutton,18,wedug@olalivi.sc
99,Travis Lowe,20,to@nasbe.nz,Loretta Jacobs,51,je@buzlutep.se
100,Angel Briggs,44,ewi@zuicece.as,Maud Morrison,47,elvu@rigatot.gb
101,Gabriel Green,62,objig@hitdaw.tn,Shane Castillo,19,miphom@lizruhuhe.nf
102,Bradley Stewart,54,riv@sow.eg,Cornelia Haynes,48,hiete@baiw.bo
103,Jim Bowen,37,ceteva@naif.ch,Rosalie Brewer,54,gisfuwi@jotcitpiz.lr
104,Jonathan Cole,55,piozej@rimputfaj.td,Miguel Brady,54,kirukat@tehkele.lc
105,Bradley Arnold,38,delugje@ti.an,Jeffery Cook,41,gat@guknebbem.pr
106,Vernon Beck,21,en@wisa.kn,Derek Hale,63,sizciloj@namus.mx
107,Rose Little,31,raoz@fotbol.ng,Ella Crawford,25,fot@molnufud.us
108,Lucinda Alvarado,39,murfotde@socdak.hn,Tyler Wong,32,git@so.ar
109,Violet Brady,33,ci@sa.gq,Jayden Blair,31,gu@koh.gu
110,Steven Hart,48,wasluh@cirveleh.me,Kenneth Baker,27,nej@belohtu.ug
